{"cameraMode":{"drawMode":0,"name":"Shaded","section":"Shading Mode"},"sceneLighting":true,"audioPlay":false,"sceneViewState":{"showFog":true,"showMaterialUpdate":false,"showSkybox":true,"showFlares":true,"showImageEffects":true,"showParticleSystems":true},"in2DMode":false,"pivot":{"x":-10.499767303466797,"y":1.2498447895050049,"z":12.94426441192627},"rotation":{"x":-0.1966681033372879,"y":-0.4913231432437897,"z":0.11494067311286926,"w":-0.8406675457954407},"size":0.4612976908683777,"orthographic":false}